id,id_user,id_turma,id_trabalho,id_exercicio,tipo,hora,canceled
713,6390,374,3068,1330,codificacao,2022-01-11 10:18:03,0
714,6338,379,3051,996,codificacao,2022-01-11 10:20:50,0
715,5839,374,3068,1331,codificacao,2022-01-11 10:47:53,1
716,6342,379,3051,994,enunciado,2022-01-11 13:42:36,1
717,6338,379,3051,1330,codificacao,2022-01-11 14:05:58,0
718,6338,379,3051,1330,codificacao,2022-01-11 14:06:18,0
719,6338,379,3051,1330,codificacao,2022-01-11 14:06:54,0
720,6338,379,3051,1330,codificacao,2022-01-11 14:07:06,0
721,6338,379,3051,1330,codificacao,2022-01-11 14:07:33,0
722,6338,379,3051,1330,codificacao,2022-01-11 14:08:24,0
723,6338,379,3051,1330,codificacao,2022-01-11 14:11:09,0
724,6338,379,3051,1330,codificacao,2022-01-11 14:11:21,0
725,6338,379,3051,1330,codificacao,2022-01-11 14:11:45,0
726,6338,379,3051,1330,codificacao,2022-01-11 14:13:41,0
727,6338,379,3051,1330,enunciado,2022-01-11 14:13:43,0
728,6338,379,3051,1331,enunciado,2022-01-11 14:20:35,0
729,6338,379,3051,1331,codificacao,2022-01-11 14:21:28,0
730,6338,379,3051,1331,enunciado,2022-01-11 14:21:32,0
731,6338,379,3051,1331,codificacao,2022-01-11 14:22:39,0
732,6338,379,3051,1331,codificacao,2022-01-11 14:23:37,0
733,6338,379,3051,1331,codificacao,2022-01-11 14:25:10,0
734,6340,379,3051,1332,codificacao,2022-01-11 14:44:06,0
735,6350,374,3068,996,enunciado,2022-01-11 14:46:01,0
736,6340,379,3051,1332,codificacao,2022-01-11 14:58:17,0
737,6411,380,3050,996,codificacao,2022-01-11 15:11:15,1
739,6338,379,3051,1332,codificacao,2022-01-11 15:21:15,0
740,6338,379,3051,1332,enunciado,2022-01-11 15:33:55,0
741,6338,379,3051,1332,codificacao,2022-01-11 15:37:22,0
742,6404,380,3050,1328,enunciado,2022-01-11 15:40:00,1
743,6338,379,3051,1332,codificacao,2022-01-11 15:42:19,0
744,6410,380,3050,1330,codificacao,2022-01-11 15:48:25,0
745,6338,379,3051,1560,codificacao,2022-01-11 16:04:09,0
746,6343,379,3051,996,enunciado,2022-01-11 16:12:11,1
747,6355,377,3070,994,enunciado,2022-01-11 16:56:36,1
748,6355,377,3070,994,codificacao,2022-01-11 16:59:35,1
749,6423,380,3050,1559,enunciado,2022-01-11 17:02:32,0
750,6338,379,3051,3711,codificacao,2022-01-11 17:06:12,0
751,6338,379,3051,3711,codificacao,2022-01-11 17:06:29,0
752,6338,379,3051,3711,codificacao,2022-01-11 17:06:42,0
753,6338,379,3051,3711,codificacao,2022-01-11 17:07:20,0
754,6338,379,3051,3711,codificacao,2022-01-11 17:08:02,0
755,6338,379,3051,3711,codificacao,2022-01-11 17:11:42,0
756,6338,379,3051,3711,codificacao,2022-01-11 17:11:46,0
757,6338,379,3051,3711,codificacao,2022-01-11 17:11:58,0
758,6338,379,3051,3711,codificacao,2022-01-11 17:13:01,0
759,6401,380,3050,1332,codificacao,2022-01-11 17:23:29,0
760,6338,379,3051,3711,codificacao,2022-01-11 17:24:06,0
761,6417,380,3050,994,codificacao,2022-01-11 18:08:19,1
762,4046,377,3070,1559,enunciado,2022-01-11 18:58:01,1
763,6363,377,3070,994,codificacao,2022-01-11 19:29:36,1
764,3859,377,3070,1331,enunciado,2022-01-11 19:52:49,1
765,6338,379,3051,2897,codificacao,2022-01-11 19:56:06,0
766,6343,379,3051,3711,codificacao,2022-01-11 19:57:01,1
767,6338,379,3051,3711,codificacao,2022-01-11 19:57:07,0
768,6338,379,3051,3711,enunciado,2022-01-11 19:59:29,0
769,6338,379,3051,3711,codificacao,2022-01-11 20:04:36,0
770,6338,379,3051,3711,codificacao,2022-01-11 20:06:54,0
771,6338,379,3051,3711,codificacao,2022-01-11 20:07:43,0
772,6338,379,3051,3711,codificacao,2022-01-11 20:12:33,0
773,6338,379,3051,3711,codificacao,2022-01-11 20:12:42,0
774,6449,378,3069,996,codificacao,2022-01-11 20:15:01,0
775,6172,378,3069,996,codificacao,2022-01-11 20:33:00,1
776,6421,380,3050,1330,codificacao,2022-01-11 20:39:46,0
777,6338,379,3051,3711,codificacao,2022-01-11 20:40:40,0
778,6338,379,3051,2897,codificacao,2022-01-11 20:52:21,0
779,6338,379,3051,2897,codificacao,2022-01-11 20:53:18,0
780,6421,380,3050,1331,enunciado,2022-01-11 21:07:34,0
781,4046,377,3070,1332,codificacao,2022-01-11 21:24:28,0
782,6362,377,3070,1326,codificacao,2022-01-11 22:10:39,1
783,6362,377,3070,1326,codificacao,2022-01-11 22:10:51,0
784,6422,380,3050,994,codificacao,2022-01-11 22:13:18,1
785,6367,377,3070,2897,codificacao,2022-01-11 22:18:29,0
786,3859,377,3070,3711,codificacao,2022-01-11 23:42:17,0
787,6365,377,3070,1326,enunciado,2022-01-12 00:14:40,0
788,6365,377,3070,1330,enunciado,2022-01-12 00:45:00,0
789,3336,377,3070,1326,codificacao,2022-01-12 07:21:32,1
790,5299,377,3070,3711,codificacao,2022-01-12 08:00:46,1
791,6338,379,3051,2897,codificacao,2022-01-12 09:33:56,0
792,6338,379,3051,2897,codificacao,2022-01-12 09:34:01,0
793,6339,379,3051,994,codificacao,2022-01-12 12:13:55,1
794,6364,377,3070,1326,codificacao,2022-01-12 13:11:20,0
795,6364,377,3070,1330,enunciado,2022-01-12 13:34:20,0
796,6364,377,3070,1330,enunciado,2022-01-12 14:40:15,0
797,6367,377,3070,3711,codificacao,2022-01-12 15:36:06,0
798,4051,377,3070,994,codificacao,2022-01-12 15:41:52,0
799,6399,379,3051,996,codificacao,2022-01-12 15:45:53,0
800,6364,377,3070,2896,enunciado,2022-01-12 15:59:32,0
801,6399,379,3051,1330,codificacao,2022-01-12 15:59:58,1
802,4051,377,3070,996,codificacao,2022-01-12 16:07:18,0
803,6415,380,3050,1330,codificacao,2022-01-12 17:49:45,1
804,6413,380,3050,1332,codificacao,2022-01-12 18:00:05,0
805,6413,380,3050,1559,codificacao,2022-01-12 18:31:51,0
806,6413,380,3050,2896,enunciado,2022-01-12 18:41:09,0
807,4051,377,3070,1560,codificacao,2022-01-12 18:57:36,0
808,4051,377,3070,1559,codificacao,2022-01-12 18:59:03,0
809,6413,380,3050,3711,codificacao,2022-01-12 19:00:05,0
810,6413,380,3050,3711,codificacao,2022-01-12 19:01:09,0
811,6413,380,3050,3711,codificacao,2022-01-12 19:06:10,0
812,6413,380,3050,3711,codificacao,2022-01-12 19:11:22,0
813,6413,380,3050,3711,codificacao,2022-01-12 19:14:03,0
814,6336,374,3068,3711,codificacao,2022-01-12 19:20:37,0
815,4051,377,3070,3711,codificacao,2022-01-12 19:29:17,0
816,6413,380,3050,3711,codificacao,2022-01-12 19:33:06,0
817,6333,375,3071,1333,codificacao,2022-01-13 09:02:29,0
818,6433,376,3052,1331,enunciado,2022-01-13 09:38:21,1
819,6395,374,3068,996,codificacao,2022-01-13 09:48:52,1
820,6433,376,3052,1332,codificacao,2022-01-13 10:03:28,0
821,6395,374,3068,1326,codificacao,2022-01-13 10:07:00,1
822,6375,375,3071,994,enunciado,2022-01-13 10:36:49,1
823,6375,375,3071,994,codificacao,2022-01-13 10:36:59,1
824,6421,380,3050,1559,enunciado,2022-01-13 12:08:55,0
825,6418,380,3050,1559,codificacao,2022-01-13 12:31:18,0
826,6418,380,3050,1559,enunciado,2022-01-13 12:31:22,0
827,5815,377,3070,1331,codificacao,2022-01-13 13:09:13,1
828,6416,380,3050,1330,codificacao,2022-01-13 14:01:49,0
829,6329,375,3071,1559,codificacao,2022-01-13 14:45:42,0
830,6402,377,3070,996,codificacao,2022-01-13 14:59:46,0
831,6409,380,3074,2894,enunciado,2022-01-13 15:02:26,1
832,6409,380,3074,2894,codificacao,2022-01-13 15:02:44,1
833,6402,377,3070,1329,enunciado,2022-01-13 15:10:44,0
834,6402,377,3070,1330,enunciado,2022-01-13 15:14:18,0
835,6216,374,3068,996,enunciado,2022-01-13 15:20:29,1
836,6216,374,3068,996,enunciado,2022-01-13 15:20:33,1
837,6216,374,3068,996,codificacao,2022-01-13 15:20:36,1
838,6216,374,3068,996,codificacao,2022-01-13 15:23:34,0
839,6329,375,3071,1560,codificacao,2022-01-13 15:37:05,0
840,6463,378,3069,996,codificacao,2022-01-13 15:39:46,0
841,6408,380,3074,2895,codificacao,2022-01-13 15:42:00,0
842,6408,380,3074,2895,enunciado,2022-01-13 15:42:10,0
843,6413,380,3074,2049,codificacao,2022-01-13 15:59:07,0
844,6409,380,3050,1330,codificacao,2022-01-13 15:59:39,0
845,6409,380,3050,1330,enunciado,2022-01-13 16:00:02,0
846,6413,380,3074,2049,codificacao,2022-01-13 16:10:13,0
847,6409,380,3050,1333,codificacao,2022-01-13 16:38:11,1
848,6391,374,3068,996,codificacao,2022-01-13 17:23:03,0
849,2549,375,3071,3711,codificacao,2022-01-13 19:37:55,0
850,6379,377,3070,994,codificacao,2022-01-13 20:19:17,0
851,6458,378,3069,994,enunciado,2022-01-13 20:39:19,1
852,6329,375,3071,1559,codificacao,2022-01-13 21:00:22,0
853,6463,378,3069,1330,codificacao,2022-01-13 21:10:48,0
854,6451,378,3069,994,codificacao,2022-01-13 21:10:52,1
855,6454,379,3051,1559,codificacao,2022-01-13 21:18:11,0
856,6454,379,3051,1332,codificacao,2022-01-13 21:25:01,0
857,6454,379,3051,1332,enunciado,2022-01-13 21:25:07,0
858,6454,379,3051,1560,codificacao,2022-01-13 21:25:20,0
859,6451,378,3069,996,codificacao,2022-01-13 22:05:50,0
860,6381,377,3070,996,codificacao,2022-01-13 22:23:38,1
861,6460,378,3069,1332,codificacao,2022-01-13 22:53:10,0
862,6461,378,3069,996,codificacao,2022-01-13 23:19:34,0
863,6467,378,3069,994,codificacao,2022-01-13 23:36:09,1
864,6467,378,3069,994,enunciado,2022-01-13 23:36:18,0
865,6467,378,3069,994,codificacao,2022-01-13 23:36:22,0
866,6443,378,3069,1327,codificacao,2022-01-14 00:16:15,1
867,6461,378,3069,1328,enunciado,2022-01-14 00:18:14,0
868,5025,377,3070,1332,enunciado,2022-01-14 01:45:51,0
869,4372,378,3069,994,codificacao,2022-01-14 02:36:21,1
870,6329,375,3071,3711,codificacao,2022-01-14 12:43:34,0
871,6346,379,3051,1326,codificacao,2022-01-14 13:25:56,1
872,6452,378,3069,1326,codificacao,2022-01-14 14:28:37,1
873,6409,380,3050,1559,codificacao,2022-01-14 15:34:49,0
874,6463,378,3069,2896,codificacao,2022-01-14 15:41:51,0
875,6448,378,3069,1332,enunciado,2022-01-14 15:48:53,1
876,6448,378,3069,3711,enunciado,2022-01-14 15:49:21,0
877,6448,378,3069,1330,enunciado,2022-01-14 15:49:30,0
878,6463,378,3069,2897,codificacao,2022-01-14 16:10:34,0
879,6448,378,3069,3711,enunciado,2022-01-14 17:16:21,0
880,6317,375,3071,1334,enunciado,2022-01-14 18:39:02,1
881,5025,377,3070,3711,codificacao,2022-01-14 22:39:50,0
882,6424,380,3074,2049,codificacao,2022-01-15 10:20:46,0
883,6316,375,3071,996,codificacao,2022-01-15 15:08:16,1
884,6360,377,3077,2938,codificacao,2022-01-15 18:34:19,0
885,6462,378,3069,3711,codificacao,2022-01-15 20:08:02,1
886,6484,378,3069,1328,codificacao,2022-01-16 14:58:53,1
887,4070,375,3071,1334,enunciado,2022-01-16 16:00:22,0
888,6322,381,3080,3754,enunciado,2022-01-16 19:06:17,0
889,6488,374,3068,996,codificacao,2022-01-16 23:13:24,0
890,4051,377,3077,2894,codificacao,2022-01-16 23:18:47,1
891,6488,374,3068,1330,enunciado,2022-01-16 23:29:21,0
892,6467,378,3069,3711,codificacao,2022-01-16 23:51:50,1
893,6488,374,3068,1331,codificacao,2022-01-17 00:22:39,0
894,6488,374,3068,1334,codificacao,2022-01-17 00:37:29,0
895,6488,374,3068,1334,codificacao,2022-01-17 00:44:45,0
896,6488,374,3068,1334,enunciado,2022-01-17 00:49:50,0
897,6488,374,3068,1334,codificacao,2022-01-17 00:49:50,0
898,6488,374,3068,1332,codificacao,2022-01-17 00:56:09,0
899,6488,374,3068,2897,enunciado,2022-01-17 01:15:35,0
900,6488,374,3068,3711,codificacao,2022-01-17 01:25:26,0
901,6488,374,3068,3711,enunciado,2022-01-17 01:25:55,0
902,6488,374,3068,3711,enunciado,2022-01-17 01:30:28,0
903,6488,374,3068,2897,codificacao,2022-01-17 06:27:23,0
904,6488,374,3068,1332,codificacao,2022-01-17 06:27:27,0
905,6488,374,3068,3711,codificacao,2022-01-17 06:33:00,0
906,6488,374,3068,1332,codificacao,2022-01-17 07:14:57,0
907,6286,381,3080,3758,codificacao,2022-01-17 07:47:03,0
908,6474,374,3068,996,codificacao,2022-01-17 09:54:14,0
909,6474,374,3068,1332,codificacao,2022-01-17 10:20:26,0
910,6474,374,3068,2897,codificacao,2022-01-17 10:37:32,0
911,6458,378,3069,1334,codificacao,2022-01-17 11:21:06,0
912,6463,378,3069,3711,codificacao,2022-01-17 11:35:50,0
913,2558,381,3080,3754,codificacao,2022-01-17 11:45:39,0
914,6291,381,3080,3758,codificacao,2022-01-17 12:18:43,1
915,6458,378,3069,1334,codificacao,2022-01-17 12:36:21,0
916,6458,378,3069,2896,codificacao,2022-01-17 12:46:29,0
917,6458,378,3069,2896,enunciado,2022-01-17 12:46:34,0
918,5285,379,3051,1329,codificacao,2022-01-17 15:15:32,1
919,5041,377,3077,1014,enunciado,2022-01-17 16:06:25,0
920,6440,375,3071,994,enunciado,2022-01-17 18:18:28,1
921,6440,375,3071,994,codificacao,2022-01-17 18:20:30,1
922,3336,377,3077,1016,codificacao,2022-01-17 18:21:17,1
923,3336,377,3077,1015,codificacao,2022-01-17 18:21:29,0
924,3336,377,3077,2049,codificacao,2022-01-17 18:34:41,1
925,6332,375,3071,3711,codificacao,2022-01-17 19:36:21,0
926,6332,375,3071,3711,enunciado,2022-01-17 19:36:25,0
927,6409,380,3050,3711,codificacao,2022-01-18 12:01:11,0
928,6439,376,3052,994,enunciado,2022-01-18 12:48:09,0
929,6430,376,3052,994,codificacao,2022-01-18 14:56:32,1
930,6427,376,3052,994,codificacao,2022-01-18 15:43:03,1
931,6427,376,3052,994,enunciado,2022-01-18 15:43:12,1
932,1338,376,3052,1328,enunciado,2022-01-18 15:44:30,0
933,5038,377,3070,1330,codificacao,2022-01-18 16:40:15,0
934,4444,376,3052,1334,codificacao,2022-01-18 17:47:44,0
935,4444,376,3052,3711,enunciado,2022-01-18 18:25:45,0
936,5023,377,3070,994,codificacao,2022-01-18 18:38:49,0
937,6413,380,3074,3769,enunciado,2022-01-18 18:51:26,1
938,6413,380,3074,3769,codificacao,2022-01-18 18:51:36,0
939,6427,376,3052,1332,codificacao,2022-01-18 19:05:41,1
940,5824,377,3070,1330,codificacao,2022-01-18 20:37:54,1
941,6172,378,3069,1333,codificacao,2022-01-18 21:13:00,1
942,6322,381,3080,3758,codificacao,2022-01-18 23:00:53,0
943,6369,375,3071,994,codificacao,2022-01-19 05:40:07,0
944,6369,375,3071,994,enunciado,2022-01-19 05:40:08,0
945,6454,379,3051,1559,codificacao,2022-01-19 08:19:03,0
946,6439,376,3052,1330,codificacao,2022-01-19 11:18:55,0
947,5121,380,3074,1017,codificacao,2022-01-19 15:28:52,0
948,6338,379,3072,1015,codificacao,2022-01-19 15:46:33,0
949,6338,379,3072,3769,codificacao,2022-01-19 16:01:41,0
950,6338,379,3072,825,codificacao,2022-01-19 16:34:22,0
951,5013,377,3077,2894,enunciado,2022-01-19 16:35:02,0
952,6338,379,3072,825,codificacao,2022-01-19 16:35:36,0
953,6381,377,3070,994,codificacao,2022-01-19 16:42:37,1
954,6367,377,3070,3711,codificacao,2022-01-19 16:52:55,0
955,6399,379,3051,1331,enunciado,2022-01-19 18:09:38,0
956,6338,379,3072,2938,codificacao,2022-01-19 18:36:58,0
957,6338,379,3072,2938,enunciado,2022-01-19 18:37:01,0
958,6338,379,3072,2938,codificacao,2022-01-19 18:38:13,0
959,6338,379,3072,4236,codificacao,2022-01-19 20:58:53,0
960,6342,379,3051,3711,codificacao,2022-01-20 01:29:56,0
961,6454,379,3072,3769,codificacao,2022-01-20 08:56:10,0
962,6323,381,3080,3754,codificacao,2022-01-20 10:38:45,1
963,6323,381,3080,3754,codificacao,2022-01-20 10:39:09,0
964,5850,377,3077,2894,codificacao,2022-01-20 15:03:32,1
965,6431,376,3052,994,codificacao,2022-01-20 16:37:58,0
966,6465,376,3052,1326,codificacao,2022-01-20 16:58:15,0
967,1338,376,3053,1014,codificacao,2022-01-20 18:09:07,0
968,6522,376,3052,3711,codificacao,2022-01-20 18:32:35,0
969,6522,376,3052,3711,codificacao,2022-01-20 18:32:40,0
970,5837,374,3073,2049,codificacao,2022-01-20 18:43:33,0
971,6431,376,3052,3711,enunciado,2022-01-20 19:27:23,0
972,6458,378,3069,2897,codificacao,2022-01-20 19:45:56,0
973,6463,378,3075,2894,codificacao,2022-01-20 20:13:13,0
974,6349,379,3051,3711,enunciado,2022-01-20 22:09:35,0
975,6349,379,3051,3711,codificacao,2022-01-20 22:09:41,0
976,6454,379,3051,1332,codificacao,2022-01-20 22:43:51,0
977,6349,379,3051,996,codificacao,2022-01-20 23:12:51,0
978,6533,379,3051,994,codificacao,2022-01-21 01:40:14,0
979,6488,374,3073,1014,codificacao,2022-01-21 08:49:52,0
980,2228,376,3053,1802,enunciado,2022-01-21 15:22:07,0
981,6461,378,3075,3769,codificacao,2022-01-21 18:49:15,0
982,6466,377,3070,1330,codificacao,2022-01-21 20:24:43,0
983,6338,379,3072,1801,codificacao,2022-01-22 15:33:01,0
984,6463,378,3075,1014,codificacao,2022-01-22 16:54:48,0
985,5837,374,3073,1803,codificacao,2022-01-22 18:02:05,0
986,5837,374,3073,1803,enunciado,2022-01-22 18:02:07,0
987,6431,376,3053,2894,enunciado,2022-01-22 20:56:38,0
988,6412,380,3050,1332,codificacao,2022-01-22 22:18:07,0
989,6395,374,3068,1334,codificacao,2022-01-22 22:54:49,1
990,6431,376,3053,2895,codificacao,2022-01-22 23:08:59,0
991,6431,376,3053,2049,codificacao,2022-01-22 23:32:02,0
992,6384,375,3071,1334,codificacao,2022-01-23 14:32:28,1
993,6368,374,3068,994,codificacao,2022-01-23 17:22:33,1
994,6368,374,3068,994,enunciado,2022-01-23 17:22:46,1
995,6368,374,3068,994,codificacao,2022-01-23 17:22:51,1
996,6399,379,3051,3711,codificacao,2022-01-23 19:05:33,0
997,5167,376,3053,825,codificacao,2022-01-23 19:12:49,1
998,6368,374,3068,3711,codificacao,2022-01-24 10:54:16,0
999,5159,376,3053,1016,codificacao,2022-01-24 12:59:39,1
1000,6459,378,3075,2894,enunciado,2022-01-24 14:05:02,1
1001,6459,378,3075,2894,enunciado,2022-01-24 14:05:34,1
1002,6338,379,3072,1802,codificacao,2022-01-24 14:59:41,0
1003,6341,379,3072,2894,enunciado,2022-01-24 15:03:20,0
1004,6485,380,3050,996,codificacao,2022-01-24 15:29:08,1
1005,6523,374,3073,3769,codificacao,2022-01-24 15:57:41,0
1006,6488,374,3073,3769,codificacao,2022-01-24 16:18:39,0
1008,6338,379,3072,1806,codificacao,2022-01-24 18:22:58,0
1009,6456,378,3069,996,codificacao,2022-01-24 18:50:09,0
1010,6481,378,3075,1801,codificacao,2022-01-24 19:34:55,0
1011,6431,376,3053,1015,enunciado,2022-01-24 20:55:14,0
1012,6459,378,3075,3774,codificacao,2022-01-24 22:57:53,0
1013,6431,376,3053,1014,enunciado,2022-01-25 00:57:02,0
1014,6361,377,3077,1802,codificacao,2022-01-25 05:53:47,1
1015,6459,378,3075,1801,codificacao,2022-01-25 10:38:22,1
1016,6488,374,3073,2426,enunciado,2022-01-25 12:13:47,0
1017,6488,374,3073,2426,codificacao,2022-01-25 12:13:50,0
1018,6436,376,3053,1015,enunciado,2022-01-25 12:30:56,0
1019,6387,374,3073,2894,codificacao,2022-01-25 16:07:08,1
1020,6448,378,3075,2049,enunciado,2022-01-25 16:20:40,0
1021,6484,378,3069,2897,enunciado,2022-01-25 17:53:01,1
1022,6389,374,3073,2894,enunciado,2022-01-25 19:27:25,1
1023,6449,378,3075,3774,codificacao,2022-01-25 20:03:43,0
1024,6523,374,3073,1016,codificacao,2022-01-25 21:48:02,0
1025,6346,379,3072,2938,codificacao,2022-01-25 22:02:07,1
1026,6346,379,3072,2938,codificacao,2022-01-25 22:02:12,1
1027,6346,379,3072,2938,codificacao,2022-01-25 22:02:17,1
1028,6522,376,3053,2946,codificacao,2022-01-25 22:22:33,0
1029,6522,376,3053,1806,codificacao,2022-01-25 22:22:40,0
1030,6522,376,3053,1803,codificacao,2022-01-25 22:22:45,0
1031,6522,376,3053,1802,codificacao,2022-01-25 22:22:50,0
1032,6522,376,3053,1801,codificacao,2022-01-25 22:22:56,0
1033,6522,376,3053,3774,codificacao,2022-01-25 22:23:01,0
1034,6522,376,3053,1803,codificacao,2022-01-25 23:16:25,0
1035,6522,376,3053,1803,enunciado,2022-01-25 23:16:28,0
1036,6522,376,3053,1803,codificacao,2022-01-25 23:16:29,0
1037,6397,374,3073,2894,codificacao,2022-01-25 23:23:05,1
1038,3201,378,3069,1332,codificacao,2022-01-25 23:37:35,0
1039,6523,374,3073,1802,enunciado,2022-01-26 10:43:25,0
1040,6523,374,3073,2426,codificacao,2022-01-26 16:28:12,0
1041,6488,374,3073,2426,codificacao,2022-01-26 18:37:12,0
1042,6488,374,3073,2426,enunciado,2022-01-26 18:37:14,0
1043,6488,374,3073,2426,codificacao,2022-01-26 18:37:15,0
1044,3384,375,3094,3769,codificacao,2022-01-26 19:23:08,0
1045,3384,375,3094,3769,enunciado,2022-01-26 19:23:12,0
1046,6488,374,3073,2426,codificacao,2022-01-26 23:04:19,0
1047,6488,374,3073,2426,enunciado,2022-01-26 23:04:21,0
1048,6488,374,3073,2426,codificacao,2022-01-26 23:04:22,0
1049,5025,377,3077,2894,codificacao,2022-01-27 00:54:55,0
1050,6582,376,3053,1017,codificacao,2022-01-27 01:55:09,0
1051,6582,376,3053,1017,codificacao,2022-01-27 02:25:40,0
1052,6582,376,3053,4236,codificacao,2022-01-27 03:01:43,0
1053,6582,376,3053,1800,codificacao,2022-01-27 04:07:34,0
1054,6582,376,3053,4236,codificacao,2022-01-27 05:12:17,0
1055,6364,377,3070,996,codificacao,2022-01-27 07:48:51,0
1056,6364,377,3070,3711,codificacao,2022-01-27 08:51:21,0
1057,6531,374,3068,1330,codificacao,2022-01-27 09:04:24,0
1058,6390,374,3073,1801,enunciado,2022-01-27 09:18:46,0
1059,6425,376,3053,2894,enunciado,2022-01-27 12:35:35,0
1060,6404,380,3096,602,codificacao,2022-01-27 14:54:41,1
1061,6520,374,3073,1015,enunciado,2022-01-27 15:21:01,0
1062,6520,374,3073,1015,enunciado,2022-01-27 15:21:32,0
1063,6520,374,3073,1015,codificacao,2022-01-27 15:21:37,0
1064,6520,374,3073,1017,codificacao,2022-01-27 15:26:14,0
1065,6520,374,3073,1802,enunciado,2022-01-27 15:26:44,0
1066,6522,376,3054,652,codificacao,2022-01-27 20:36:25,0
1067,6475,374,3073,2894,enunciado,2022-01-27 20:38:26,0
1068,6475,374,3073,2894,codificacao,2022-01-27 20:38:29,0
1069,6365,377,3077,2894,codificacao,2022-01-27 22:36:19,1
1070,6381,377,3077,1801,codificacao,2022-01-28 02:54:51,1
1071,6381,377,3077,1801,codificacao,2022-01-28 03:24:21,0
1072,6381,377,3077,3774,codificacao,2022-01-28 03:24:40,0
1073,6151,380,3096,2971,enunciado,2022-01-28 17:27:10,0
1074,6151,380,3096,1055,codificacao,2022-01-28 18:51:55,0
1075,6355,377,3077,3774,enunciado,2022-01-28 20:07:01,1
1076,5025,377,3077,1015,codificacao,2022-01-29 00:36:03,0
1077,6377,375,3071,1326,codificacao,2022-01-29 11:55:45,0
1078,6486,374,3073,2894,codificacao,2022-01-29 17:59:32,0
1079,6431,376,3054,1055,enunciado,2022-01-29 20:07:27,0
1080,6431,376,3054,652,enunciado,2022-01-29 20:07:48,0
1081,6397,374,3073,1017,codificacao,2022-01-30 15:05:57,0
1082,6397,374,3073,1803,codificacao,2022-01-30 15:40:52,0
1083,6397,374,3073,1017,codificacao,2022-01-30 15:54:20,0
1084,6391,374,3073,1806,codificacao,2022-01-30 18:46:43,0
1085,6395,374,3073,1802,codificacao,2022-01-30 22:19:21,0
1086,6450,376,3054,1386,codificacao,2022-01-31 10:50:45,0
1087,6450,376,3054,1386,enunciado,2022-01-31 10:50:54,0
1088,6395,374,3073,1017,codificacao,2022-01-31 16:11:41,0
1089,6395,374,3073,1801,codificacao,2022-01-31 18:28:59,0
1090,6549,376,3054,2442,enunciado,2022-01-31 19:13:19,0
1091,6389,374,3073,1017,codificacao,2022-01-31 22:14:41,0
1092,6395,374,3073,1804,codificacao,2022-01-31 23:31:29,0
1093,6458,378,3086,1855,codificacao,2022-02-02 07:30:39,0
1094,6458,378,3086,2703,codificacao,2022-02-02 12:09:34,0
1095,6458,378,3086,2703,enunciado,2022-02-02 12:09:37,0
1096,6433,376,3054,1103,codificacao,2022-02-02 14:07:20,0
1097,6413,380,3096,602,codificacao,2022-02-02 18:54:34,0
1098,2549,375,3106,2703,codificacao,2022-02-02 19:23:13,0
1100,6458,378,3086,1386,codificacao,2022-02-03 09:26:56,0
1101,6463,378,3086,1386,codificacao,2022-02-03 10:00:04,0
1102,6488,374,3105,2969,codificacao,2022-02-03 14:52:09,0
1103,6488,374,3105,2969,codificacao,2022-02-03 14:55:43,0
1104,6488,374,3105,2969,codificacao,2022-02-03 14:56:48,0
1105,6488,374,3105,2969,codificacao,2022-02-03 14:59:57,0
1106,6488,374,3105,2969,codificacao,2022-02-03 15:11:51,0
1107,6458,378,3086,2969,codificacao,2022-02-03 17:41:47,0
1108,6456,378,3086,1855,codificacao,2022-02-03 18:04:32,0
1109,6353,381,3080,3754,codificacao,2022-02-04 11:53:37,0
1110,6352,381,3107,3831,codificacao,2022-02-04 13:12:31,1
1111,3169,375,3106,1418,enunciado,2022-02-04 18:14:42,0
1112,6322,381,3107,3829,codificacao,2022-02-04 22:41:46,0
1113,2549,375,3106,2703,codificacao,2022-02-05 11:17:51,0
1114,2549,375,3106,1413,codificacao,2022-02-05 15:17:57,0
1115,2549,375,3106,2975,codificacao,2022-02-05 16:09:02,0
1116,5835,374,3068,1333,codificacao,2022-02-06 14:34:31,0
1117,2618,374,3105,1395,enunciado,2022-02-06 21:25:01,1
1118,2618,374,3105,1395,enunciado,2022-02-06 21:25:38,0
1119,5850,377,3097,2326,codificacao,2022-02-06 22:50:27,0
1120,6454,379,3104,2969,codificacao,2022-02-07 03:01:47,0
1121,5837,374,3105,3334,codificacao,2022-02-07 09:27:00,0
1122,5837,374,3105,3334,codificacao,2022-02-07 09:27:04,0
1123,6520,374,3105,652,enunciado,2022-02-07 13:00:06,0
1124,6393,374,3105,4266,enunciado,2022-02-07 14:43:53,0
1125,2549,375,3106,2445,codificacao,2022-02-07 16:01:29,0
1126,5282,381,3107,3824,codificacao,2022-02-07 18:03:19,1
1127,6520,374,3105,2969,codificacao,2022-02-07 21:16:43,0
1128,5837,374,3105,2971,enunciado,2022-02-08 08:00:10,0
1129,5837,374,3105,1879,enunciado,2022-02-08 09:07:56,0
1130,5837,374,3105,1879,enunciado,2022-02-08 09:07:58,0
1131,5837,374,3105,1879,enunciado,2022-02-08 09:08:00,0
1132,6353,381,3107,3869,codificacao,2022-02-08 10:17:41,0
1133,6353,381,3107,3869,enunciado,2022-02-08 10:17:50,0
1134,6353,381,3107,3869,codificacao,2022-02-08 10:44:34,0
1135,6353,381,3107,3869,enunciado,2022-02-08 10:44:43,0
1136,2549,375,3106,2445,codificacao,2022-02-08 10:45:39,0
1137,6353,381,3107,3828,codificacao,2022-02-08 10:46:35,0
1138,6353,381,3107,3828,enunciado,2022-02-08 10:46:39,0
1139,6401,380,3096,4266,codificacao,2022-02-08 11:33:20,0
1140,6433,376,3054,652,codificacao,2022-02-08 12:59:40,0
1141,5052,375,3106,602,enunciado,2022-02-08 13:42:54,0
1142,5052,375,3106,2703,enunciado,2022-02-08 13:43:04,0
1143,6450,376,3054,2969,enunciado,2022-02-08 13:52:08,0
1144,6440,375,3106,2445,codificacao,2022-02-08 15:54:48,0
1145,6454,379,3104,1879,codificacao,2022-02-08 19:28:32,0
1146,5052,375,3106,2975,enunciado,2022-02-08 22:04:27,0
1147,6345,379,3104,602,codificacao,2022-02-08 22:10:39,1
1148,6338,379,3104,2443,enunciado,2022-02-08 23:33:06,0
1149,6464,377,3110,1107,enunciado,2022-02-08 23:41:38,0
1150,2549,375,3106,3334,codificacao,2022-02-09 00:01:43,0
1151,6397,374,3105,2975,enunciado,2022-02-09 00:48:35,0
1152,6397,374,3105,2975,codificacao,2022-02-09 00:48:38,0
1153,6375,375,3106,1092,codificacao,2022-02-09 08:58:40,0
1154,6520,374,3105,1395,enunciado,2022-02-09 15:21:39,0
1155,6477,374,3105,2975,codificacao,2022-02-09 19:48:53,0
1156,6389,374,3105,1055,codificacao,2022-02-09 23:39:54,0
1157,6389,374,3105,4266,codificacao,2022-02-10 00:01:40,0
1158,6523,374,3105,2969,enunciado,2022-02-10 07:36:30,0
1159,6534,375,3106,602,codificacao,2022-02-10 16:22:38,1
1160,6353,381,3080,3754,codificacao,2022-02-10 23:05:20,0
1161,5025,377,3097,2969,codificacao,2022-02-11 05:02:00,0
1162,6343,379,3113,1079,codificacao,2022-02-12 23:19:21,0
1163,4070,375,3106,4266,codificacao,2022-02-13 22:21:06,0
1164,6476,381,3107,3835,codificacao,2022-02-14 01:14:04,1
1165,6375,375,3106,2449,codificacao,2022-02-14 16:23:42,0
1166,6293,381,3107,3834,codificacao,2022-02-15 16:59:02,0
1167,6287,381,3107,3833,codificacao,2022-02-15 18:24:26,1
1168,6615,377,3070,994,enunciado,2022-02-15 20:23:35,1
1169,5837,374,3114,1079,codificacao,2022-02-15 21:01:49,0
1170,5837,374,3114,1079,enunciado,2022-02-15 21:01:52,0
1171,5837,374,3114,1104,enunciado,2022-02-16 09:20:33,0
1172,5837,374,3114,1104,enunciado,2022-02-16 09:20:35,0
1173,5837,374,3114,1104,enunciado,2022-02-16 09:20:38,0
1174,5837,374,3114,1104,enunciado,2022-02-16 10:06:27,0
1175,6310,381,3119,2993,codificacao,2022-02-16 10:40:48,1
1176,6476,381,3119,2993,codificacao,2022-02-16 13:14:59,1
1177,2549,375,3106,1397,codificacao,2022-02-16 15:48:47,0
1178,2549,375,3106,652,enunciado,2022-02-16 16:20:32,0
1179,2549,375,3106,1879,codificacao,2022-02-16 16:40:33,0
1180,5817,377,3110,1103,codificacao,2022-02-16 16:49:53,0
1182,2549,375,3118,2471,codificacao,2022-02-16 21:14:33,0
1183,2549,375,3118,2474,enunciado,2022-02-16 21:16:28,0
1184,6456,378,3103,1104,codificacao,2022-02-16 22:27:43,0
1185,6456,378,3103,1102,codificacao,2022-02-16 22:45:09,0
1186,6456,378,3103,1102,codificacao,2022-02-16 22:45:11,0
1187,6611,375,3106,602,codificacao,2022-02-17 09:13:54,0
1188,6611,375,3106,2326,codificacao,2022-02-17 09:58:49,0
1189,6611,375,3106,2969,codificacao,2022-02-17 10:52:30,0
1190,6611,375,3106,2703,codificacao,2022-02-17 18:48:44,0
1191,6611,375,3106,2975,codificacao,2022-02-17 19:07:09,0
1192,5036,377,3110,1100,codificacao,2022-02-17 19:32:38,0
1193,6611,375,3106,2443,codificacao,2022-02-18 15:05:58,0
1194,5837,374,3114,2167,enunciado,2022-02-18 15:53:01,0
1195,6611,375,3106,1055,codificacao,2022-02-18 18:45:39,0
1196,6424,380,3112,1079,codificacao,2022-02-19 11:24:42,0
1197,6461,378,3103,1105,codificacao,2022-02-20 16:29:26,0
1198,6338,379,3113,1949,codificacao,2022-02-20 22:28:47,0
1199,5025,377,3110,1079,codificacao,2022-02-21 02:10:06,0
1200,2618,374,3114,1117,codificacao,2022-02-21 16:04:35,0
1201,5850,377,3110,1099,codificacao,2022-02-21 17:24:56,0
1202,6406,380,3112,1105,codificacao,2022-02-21 21:16:17,0
1203,6406,380,3112,1099,codificacao,2022-02-21 21:37:25,0
1204,6449,378,3103,1107,codificacao,2022-02-21 21:43:30,1
1205,6457,378,3103,1099,codificacao,2022-02-21 23:17:22,0
1206,6459,378,3103,1879,codificacao,2022-02-21 23:29:26,0
1207,5025,377,3110,1099,enunciado,2022-02-21 23:45:37,0
1208,5025,377,3110,1099,codificacao,2022-02-22 00:26:28,0
1209,6401,380,3112,1099,codificacao,2022-02-22 11:39:27,0
1210,5167,376,3055,1107,codificacao,2022-02-22 12:15:09,0
1211,5850,377,3110,1104,codificacao,2022-02-22 12:28:53,0
1212,5133,380,3112,1950,codificacao,2022-02-22 13:02:38,1
1213,6439,376,3055,1104,codificacao,2022-02-22 13:26:51,0
1214,6421,380,3112,1950,codificacao,2022-02-22 13:32:13,0
1215,5167,376,3055,1102,codificacao,2022-02-22 15:44:19,0
1216,6454,379,3113,1099,codificacao,2022-02-22 22:32:55,0
1217,6046,374,3114,1952,codificacao,2022-02-23 11:03:36,0
1218,6046,374,3114,2474,enunciado,2022-02-23 11:20:32,0
1219,6466,377,3110,1101,codificacao,2022-02-23 13:33:14,0
1220,6402,377,3110,1101,codificacao,2022-02-23 13:49:55,0
1221,6402,377,3110,1104,codificacao,2022-02-23 13:50:04,0
1222,6046,374,3114,2474,codificacao,2022-02-23 22:33:41,0
1223,6488,374,3114,1099,codificacao,2022-02-23 23:25:52,0
1224,6488,374,3114,1099,codificacao,2022-02-23 23:29:35,0
1225,6395,374,3114,1104,codificacao,2022-02-24 00:32:10,0
1226,6488,374,3114,1105,codificacao,2022-02-24 00:51:11,0
1227,6354,374,3114,1949,enunciado,2022-02-24 01:21:55,1
1228,6404,380,3130,3091,codificacao,2022-02-24 08:19:47,0
1229,6446,378,3139,1154,enunciado,2022-02-24 18:55:49,0
1230,5837,374,3137,4326,codificacao,2022-02-25 11:27:00,0
1231,5837,374,3137,1154,enunciado,2022-02-25 11:40:18,0
1232,5837,374,3137,2791,codificacao,2022-02-26 19:02:34,0
1233,6523,374,3137,4326,enunciado,2022-02-26 22:00:06,0
1234,2618,374,3137,2499,enunciado,2022-02-28 14:09:54,0
1235,2618,374,3137,2499,codificacao,2022-02-28 14:57:19,0
1236,6464,377,3135,3091,codificacao,2022-02-28 18:46:15,1
1237,6320,375,3118,2167,codificacao,2022-02-28 21:25:51,0
1238,6320,375,3118,2167,codificacao,2022-02-28 21:28:51,0
1239,6378,375,3118,1079,codificacao,2022-03-02 16:25:04,0
1240,6378,375,3118,1104,codificacao,2022-03-02 17:57:42,0
1241,6612,380,3050,994,enunciado,2022-03-03 13:59:40,1
1242,6378,375,3118,2759,codificacao,2022-03-04 16:46:11,0
1243,5817,377,3135,2505,codificacao,2022-03-04 20:18:39,0
1244,6611,375,3118,2471,codificacao,2022-03-05 11:01:36,0
1245,5052,375,3118,1105,enunciado,2022-03-05 15:02:22,0
1246,6611,375,3118,1103,codificacao,2022-03-05 15:41:03,0
1247,2549,375,3118,1950,codificacao,2022-03-05 16:54:09,0
1249,2618,374,3137,1138,codificacao,2022-03-07 14:51:26,1
1250,5308,380,3130,4317,codificacao,2022-03-08 14:26:43,1
1251,5282,381,3132,1957,codificacao,2022-03-09 16:52:05,0
1252,5282,381,3132,3021,codificacao,2022-03-09 16:52:23,0
1253,5282,381,3132,3021,codificacao,2022-03-09 16:52:26,0
1254,5282,381,3132,3021,enunciado,2022-03-09 16:52:26,0
1255,6393,374,3137,4317,codificacao,2022-03-09 23:11:22,1
1256,6433,376,3056,2505,enunciado,2022-03-09 23:22:35,0
1257,6433,376,3056,2505,enunciado,2022-03-10 02:39:51,0
1259,6433,376,3056,3091,codificacao,2022-03-10 12:31:54,0
1260,6433,376,3056,3091,enunciado,2022-03-10 12:31:56,0
1261,6612,380,3050,1332,codificacao,2022-03-10 14:05:14,1
1262,6428,376,3147,2507,codificacao,2022-03-10 16:36:19,0
1263,6611,375,3141,2504,codificacao,2022-03-12 14:20:38,0
1264,6424,380,3130,3091,enunciado,2022-03-12 14:45:02,0
1265,6670,380,3074,2894,enunciado,2022-03-12 15:50:34,1
1266,6670,380,3074,2894,codificacao,2022-03-12 15:55:38,1
1267,6432,376,3056,3091,enunciado,2022-03-13 15:56:14,0
1268,6475,374,3137,2524,enunciado,2022-03-14 12:31:04,1
1269,6670,380,3074,1802,codificacao,2022-03-14 12:54:37,0
1270,6670,380,3074,1802,codificacao,2022-03-14 13:07:48,1
1271,5604,379,3155,3051,codificacao,2022-03-14 14:12:56,0
1272,6475,374,3137,2524,codificacao,2022-03-14 14:36:01,0
1273,6338,379,3155,3035,codificacao,2022-03-14 14:39:30,0
1274,6349,379,3155,3536,enunciado,2022-03-14 14:52:34,1
1275,6338,379,3155,3037,codificacao,2022-03-14 15:05:42,0
1276,6611,375,3141,3091,codificacao,2022-03-14 15:15:52,0
1277,6611,375,3141,2517,codificacao,2022-03-14 17:38:48,0
1278,5121,380,3130,1138,enunciado,2022-03-14 19:29:17,0
1279,6394,374,3137,2517,codificacao,2022-03-15 04:14:29,1
1280,5167,376,3160,2032,codificacao,2022-03-15 16:51:16,0
1281,5167,376,3160,3051,codificacao,2022-03-15 17:12:00,0
1282,5282,381,3132,1957,enunciado,2022-03-17 13:05:39,0
1283,6151,380,3175,3232,codificacao,2022-03-18 16:35:21,0
1284,6151,380,3175,3232,enunciado,2022-03-18 17:02:36,0
1285,6670,380,3112,1117,codificacao,2022-03-20 17:17:46,1
1286,6670,380,3112,1117,codificacao,2022-03-20 17:54:54,1
1287,5167,376,3057,2103,codificacao,2022-03-20 19:51:11,0
1288,6670,380,3112,1117,codificacao,2022-03-20 20:49:42,1
1289,6670,380,3112,1104,codificacao,2022-03-20 21:28:49,1
1290,6670,380,3112,2759,codificacao,2022-03-20 22:19:46,1
1291,6670,380,3112,2471,codificacao,2022-03-21 11:35:03,0
1292,6670,380,3112,2471,codificacao,2022-03-21 11:38:17,1
1293,6670,380,3112,1117,codificacao,2022-03-21 11:49:52,1
1294,6670,380,3112,1117,codificacao,2022-03-21 11:52:28,1
1295,6670,380,3112,1949,codificacao,2022-03-21 14:09:49,1
1296,6670,380,3112,1949,codificacao,2022-03-21 14:11:38,1
1297,6670,380,3112,1950,codificacao,2022-03-21 14:40:40,1
1298,6523,374,3169,1614,codificacao,2022-03-22 10:29:21,0
1299,6151,380,3175,3232,enunciado,2022-03-22 15:41:26,0
1300,6151,380,3175,3232,enunciado,2022-03-22 15:41:29,0
1301,6151,380,3175,3232,enunciado,2022-03-22 15:41:31,0
1302,6151,380,3175,3232,enunciado,2022-03-22 15:41:33,0
1303,5167,376,3057,2108,codificacao,2022-03-24 11:51:39,0
1304,5837,374,3169,1186,enunciado,2022-03-26 14:03:27,0
1305,5837,374,3169,1186,codificacao,2022-03-26 14:03:30,0
1306,5837,374,3169,1605,codificacao,2022-03-26 14:54:01,0
1307,6310,381,3179,4053,codificacao,2022-03-26 15:38:34,0
1308,6611,375,3168,1577,codificacao,2022-03-26 16:19:34,0
1309,6611,375,3168,1580,codificacao,2022-03-26 17:14:41,0
1310,6303,381,3179,4042,codificacao,2022-03-26 18:26:49,0
1311,6611,375,3168,3141,codificacao,2022-03-26 21:49:34,0
1312,5837,374,3169,2108,codificacao,2022-03-26 22:49:22,0
1313,5036,377,3170,1206,enunciado,2022-03-27 15:37:00,1
1314,6338,379,3166,2108,codificacao,2022-03-28 09:40:34,0
1315,6338,379,3192,3586,codificacao,2022-03-28 14:24:41,0
1316,6367,377,3198,3123,enunciado,2022-03-28 16:45:26,0
1317,6336,374,3169,4832,codificacao,2022-03-28 19:46:49,0
1318,2618,374,3169,1614,codificacao,2022-03-28 23:56:01,0
1319,2618,374,3169,1617,codificacao,2022-03-28 23:56:07,0
1320,2618,374,3169,1621,codificacao,2022-03-28 23:56:14,0
1321,2618,374,3169,2101,codificacao,2022-03-28 23:56:18,0
1322,6460,378,3178,2108,codificacao,2022-03-29 03:19:53,1
1323,5167,376,3197,1598,codificacao,2022-03-29 16:30:24,0
1324,5167,376,3197,3139,codificacao,2022-03-29 16:52:15,0
1325,5167,376,3197,3139,enunciado,2022-03-29 16:52:18,0
1326,6433,376,3197,3123,enunciado,2022-03-29 16:57:43,0
1327,4372,378,3199,3593,codificacao,2022-03-29 18:14:33,1
1328,6151,380,3212,2588,enunciado,2022-04-01 09:53:07,0
1329,6322,381,3179,4042,codificacao,2022-04-04 20:06:53,1
1330,6523,374,3209,1223,enunciado,2022-04-05 10:55:30,0
1331,5167,376,3058,3189,codificacao,2022-04-05 17:09:23,0
1332,5167,376,3058,3189,codificacao,2022-04-05 17:09:29,0
1333,5167,376,3058,2139,codificacao,2022-04-06 18:41:24,0
1334,5167,376,3058,1223,enunciado,2022-04-07 16:41:47,0
1335,5167,376,3058,1223,codificacao,2022-04-07 16:41:48,0
1336,5167,376,3058,1223,enunciado,2022-04-07 16:41:50,0
1337,5167,376,3058,1223,codificacao,2022-04-07 16:41:51,0
1338,5167,376,3058,1223,codificacao,2022-04-07 16:57:43,0
1339,5167,376,3058,1223,enunciado,2022-04-07 16:57:45,0
1340,5167,376,3058,1223,enunciado,2022-04-07 16:57:48,0
1341,5133,380,3175,1614,codificacao,2022-04-08 15:37:25,0
1342,6338,379,3235,1643,codificacao,2022-04-11 14:41:37,0
1343,6338,379,3235,1643,codificacao,2022-04-11 15:16:24,0
1344,5133,380,3247,1644,codificacao,2022-04-12 15:45:39,0
1345,5167,376,3249,1649,codificacao,2022-04-12 16:34:25,0
1346,5167,376,3249,3184,codificacao,2022-04-12 17:09:38,0
1347,5167,376,3249,3184,codificacao,2022-04-12 17:09:40,0
1348,5167,376,3249,3184,codificacao,2022-04-12 17:09:44,0
1349,6523,374,3246,1645,codificacao,2022-04-14 10:59:06,0
1350,6611,375,3255,1280,codificacao,2022-04-18 09:11:12,0
1351,6611,375,3255,1722,codificacao,2022-04-18 15:40:45,0
1352,5167,376,3059,3685,codificacao,2022-04-22 15:46:38,0
1353,5167,376,3059,2221,codificacao,2022-04-25 19:26:43,0
1354,6336,374,3252,3215,enunciado,2022-04-28 01:56:15,0
1355,6336,374,3252,3215,codificacao,2022-04-28 01:56:18,0
1356,5167,376,3286,2216,enunciado,2022-04-28 16:49:14,0
1357,5167,376,3286,2216,codificacao,2022-04-28 16:49:16,0
1358,6378,375,3255,1280,codificacao,2022-04-29 14:54:32,0
1359,6374,375,3255,3664,enunciado,2022-04-29 16:17:44,0
1360,6458,378,3265,3665,enunciado,2022-05-01 15:10:52,0
